Varies per block?       ,1,Unit,$,2,1,2024
Varies per sequence?    ,1
# of agents             ,21
Stag,Seq.,Blck,Land,Sugarcane,Straw,Sugar,Molasses,Filter Cake,Bagasse,Ethanol 1G,Ethanol 2G,Vinasse,Electricity,Biomethane,Hydrogen,Bio oil,SAF,Green diesel,Bio Gasoline,Methanol,Biochar,CO2,Carbon credit
1,1,1,0.0,0.0,0.0,5.2371203136e7,-0.0,0.0,0.0,6.5945e7,-0.0,0.0,1.9892e7,-0.0,-0.0,4.631e6,9.724069889196001e7,2.172932792629e7,1.1895046259680001e7,-0.0,3.368e6,0.0,-0.0
1,2,1,0.0,0.0,0.0,6.065047422e7,-0.0,0.0,0.0,6.4746e7,-0.0,0.0,1.9892e7,-0.0,-0.0,4.631e6,9.724069889196001e7,2.172932792629e7,1.1895046259680001e7,-0.0,3.368e6,0.0,-0.0
1,3,1,0.0,0.0,0.0,4.9675626504e7,-0.0,0.0,0.0,7.0523e7,-0.0,0.0,1.9892e7,-0.0,-0.0,4.631e6,9.724069889196001e7,2.172932792629e7,1.1895046259680001e7,-0.0,3.368e6,0.0,-0.0
1,4,1,0.0,0.0,0.0,4.524717918e7,-0.0,0.0,0.0,7.3466e7,-0.0,0.0,1.9892e7,-0.0,-0.0,4.631e6,9.724069889196001e7,2.172932792629e7,1.1895046259680001e7,-0.0,3.368e6,0.0,-0.0
1,5,1,0.0,0.0,0.0,4.2551602548e7,-0.0,0.0,0.0,7.2267e7,-0.0,0.0,1.9892e7,-0.0,-0.0,4.631e6,9.724069889196001e7,2.172932792629e7,1.1895046259680001e7,-0.0,3.368e6,0.0,-0.0
1,6,1,-0.0,0.0,-0.0,5.102341482e7,-0.0,-0.0,0.0,1.79546812956e8,-0.0,0.0,1.9892e7,-0.0,-0.0,4.631e6,-0.0,-0.0,-0.0,-0.0,3.368e6,-0.0,-0.0
1,7,1,-0.0,0.0,-0.0,5.9110144716e7,-0.0,-0.0,0.0,7.4556e7,-0.0,0.0,1.9892e7,-0.0,-0.0,4.631e6,9.724069889196001e7,2.172932792629e7,1.1895046259680001e7,-0.0,3.368e6,-0.0,-0.0
1,8,1,-0.0,0.0,-0.0,5.4104073828e7,-0.0,-0.0,0.0,6.4746e7,-0.0,0.0,1.9892e7,-0.0,-0.0,4.631e6,9.724069889196001e7,2.172932792629e7,1.1895046259680001e7,-0.0,3.368e6,-0.0,-0.0
1,9,1,-0.0,0.0,-0.0,5.2371203136e7,-0.0,-0.0,0.0,6.332899999999999e7,-0.0,0.0,1.9892e7,-0.0,-0.0,4.631e6,9.724069889196001e7,2.172932792629e7,1.1895046259680001e7,-0.0,3.368e6,-0.0,-0.0
1,10,1,-0.0,0.0,-0.0,5.102341482e7,-0.0,-0.0,0.0,5.123e7,-0.0,0.0,1.9892e7,-0.0,-0.0,4.631e6,9.724069889196001e7,2.172932792629e7,1.1895046259680001e7,-0.0,3.368e6,-0.0,-0.0
1,11,1,-0.0,0.0,-0.0,5.0445791256e7,-0.0,-0.0,-0.0,4.8941e7,-0.0,-0.0,1.9892e7,-0.0,-0.0,4.631e6,9.724069889196001e7,2.172932792629e7,1.1895046259680001e7,-0.0,3.368e6,-0.0,-0.0
1,12,1,-0.0,0.0,-0.0,5.0060708879999995e7,-0.0,-0.0,-0.0,4.4036e7,-0.0,-0.0,1.9892e7,-0.0,-0.0,4.631e6,9.724069889196001e7,2.172932792629e7,1.1895046259680001e7,-0.0,3.368e6,-0.0,-0.0
1,13,1,-0.0,0.0,-0.0,5.3718991452e7,-0.0,-0.0,-0.0,4.6107e7,-0.0,-0.0,1.9892e7,-0.0,-0.0,4.631e6,9.724069889196001e7,2.172932792629e7,1.1895046259680001e7,-0.0,3.368e6,-0.0,-0.0
1,14,1,-0.0,0.0,-0.0,5.7184732835999995e7,-0.0,-0.0,-0.0,4.5235e7,-0.0,-0.0,1.9892e7,-0.0,-0.0,4.631e6,9.724069889196001e7,2.172932792629e7,1.1895046259680001e7,-0.0,3.368e6,-0.0,-0.0
1,15,1,-0.0,0.0,-0.0,5.3718991452e7,-0.0,-0.0,-0.0,4.4581e7,-0.0,-0.0,1.9892e7,-0.0,-0.0,4.631e6,9.724069889196001e7,2.172932792629e7,1.1895046259680001e7,-0.0,3.368e6,-0.0,-0.0
1,16,1,-0.0,0.0,-0.0,5.968776828e7,-0.0,-0.0,-0.0,4.5235e7,-0.0,-0.0,1.9892e7,-0.0,-0.0,4.631e6,9.724069889196001e7,2.172932792629e7,1.1895046259680001e7,-0.0,3.368e6,-0.0,-0.0
1,17,1,-0.0,0.0,-0.0,6.6041627484e7,-0.0,-0.0,-0.0,4.8941e7,-0.0,-0.0,1.9892e7,-0.0,-0.0,4.631e6,9.724069889196001e7,2.172932792629e7,1.1895046259680001e7,-0.0,3.368e6,-0.0,-0.0
1,18,1,-0.0,0.0,-0.0,7.1432780748e7,-0.0,-0.0,-0.0,5.1012e7,-0.0,-0.0,1.9892e7,-0.0,-0.0,4.631e6,9.724069889196001e7,2.172932792629e7,1.1895046259680001e7,-0.0,3.368e6,-0.0,-0.0
1,19,1,-0.0,0.0,-0.0,7.894188708e7,-0.0,-0.0,-0.0,4.8941e7,-0.0,-0.0,1.9892e7,-0.0,-0.0,4.631e6,9.724069889196001e7,2.172932792629e7,1.1895046259680001e7,-0.0,3.368e6,-0.0,-0.0
1,20,1,-0.0,0.0,-0.0,2.0726994456e8,-0.0,-0.0,-0.0,4.6325e7,-0.0,-0.0,1.9892e7,-0.0,-0.0,4.631e6,1.1507015334465e7,2.57134833973e6,1.40760485344e6,-0.0,3.368e6,-0.0,-0.0
1,21,1,-0.0,0.0,-0.0,2.0495838384e8,-0.0,-0.0,-0.0,4.8614e7,-0.0,-0.0,1.9892e7,-0.0,-0.0,4.631e6,1.1507015334465e7,2.57134833973e6,1.40760485344e6,-0.0,3.368e6,-0.0,-0.0
1,22,1,-0.0,0.0,-0.0,1.8839219868e8,-0.0,-0.0,-0.0,5.7552e7,-0.0,-0.0,1.9892e7,-0.0,-0.0,4.631e6,1.1507015334465e7,2.57134833973e6,1.40760485344e6,-0.0,3.368e6,-0.0,-0.0
1,23,1,-0.0,0.0,-0.0,1.8762167844e8,-0.0,-0.0,-0.0,6.136699999999999e7,-0.0,-0.0,1.9892e7,-0.0,-0.0,4.631e6,1.1507015334465e7,2.57134833973e6,1.40760485344e6,-0.0,3.368e6,-0.0,-0.0
1,24,1,-0.0,0.0,-0.0,2.2884451128e8,-0.0,-0.0,-0.0,5.7879e7,-0.0,-0.0,1.9892e7,-0.0,-0.0,4.631e6,1.1507015334465e7,2.57134833973e6,1.40760485344e6,-0.0,3.368e6,-0.0,-0.0
1,25,1,-0.0,0.0,-0.0,2.5388641907999998e8,-0.0,-0.0,-0.0,5.3519e7,-0.0,-0.0,1.9892e7,-0.0,-0.0,4.631e6,1.1507015334465e7,2.57134833973e6,1.40760485344e6,-0.0,3.368e6,-0.0,-0.0
1,26,1,-0.0,0.0,-0.0,2.0495838384e8,-0.0,-0.0,-0.0,5.0685e7,-0.0,-0.0,1.9892e7,-0.0,-0.0,4.631e6,1.1507015334465e7,2.57134833973e6,1.40760485344e6,-0.0,3.368e6,-0.0,-0.0
1,27,1,-0.0,0.0,-0.0,7.0470074808e7,-0.0,-0.0,-0.0,4.5453e7,-0.0,-0.0,1.9892e7,-0.0,-0.0,4.631e6,9.724069889196001e7,2.172932792629e7,1.1895046259680001e7,-0.0,3.368e6,-0.0,-0.0
1,28,1,-0.0,0.0,-0.0,6.3923674416e7,-0.0,-0.0,-0.0,4.4363e7,-0.0,-0.0,1.9892e7,-0.0,-0.0,4.631e6,9.724069889196001e7,2.172932792629e7,1.1895046259680001e7,-0.0,3.368e6,-0.0,-0.0
1,29,1,-0.0,0.0,-0.0,6.0265391844e7,-0.0,-0.0,-0.0,4.6107e7,-0.0,-0.0,1.9892e7,-0.0,-0.0,4.631e6,9.724069889196001e7,2.172932792629e7,1.1895046259680001e7,-0.0,3.368e6,-0.0,-0.0
1,30,1,-0.0,0.0,-0.0,7.643885163599999e7,-0.0,-0.0,-0.0,4.5453e7,-0.0,-0.0,1.9892e7,-0.0,-0.0,4.631e6,9.724069889196001e7,2.172932792629e7,1.1895046259680001e7,-0.0,3.368e6,-0.0,-0.0
1,31,1,-0.0,0.0,-0.0,8.2985252028e7,-0.0,-0.0,-0.0,4.6325e7,-0.0,-0.0,1.9892e7,-0.0,-0.0,4.631e6,9.724069889196001e7,2.172932792629e7,1.1895046259680001e7,-0.0,3.368e6,-0.0,-0.0
1,32,1,-0.0,0.0,-0.0,8.375541678e7,-0.0,-0.0,-0.0,5.3846e7,-0.0,-0.0,1.9892e7,-0.0,-0.0,4.631e6,9.724069889196001e7,2.172932792629e7,1.1895046259680001e7,-0.0,3.368e6,-0.0,-0.0
1,33,1,-0.0,0.0,-0.0,2.1497514696e8,-0.0,-0.0,-0.0,6.191199999999999e7,-0.0,-0.0,1.9892e7,-0.0,-0.0,4.631e6,1.1507015334465e7,2.57134833973e6,1.40760485344e6,-0.0,3.368e6,-0.0,-0.0
1,34,1,-0.0,0.0,-0.0,2.4733699704e8,-0.0,-0.0,-0.0,6.6272e7,-0.0,-0.0,1.9892e7,-0.0,-0.0,4.631e6,1.1507015334465e7,2.57134833973e6,1.40760485344e6,-0.0,3.368e6,-0.0,-0.0
1,35,1,-0.0,0.0,-0.0,2.3385289284e8,-0.0,-0.0,-0.0,6.7144e7,-0.0,-0.0,1.9892e7,-0.0,-0.0,4.631e6,1.1507015334465e7,2.57134833973e6,1.40760485344e6,-0.0,3.368e6,-0.0,-0.0
1,36,1,-0.0,0.0,-0.0,2.7276416496e8,-0.0,-0.0,-0.0,6.387399999999999e7,-0.0,-0.0,1.9892e7,-0.0,-0.0,4.631e6,1.1507015334465e7,2.57134833973e6,1.40760485344e6,-0.0,3.368e6,-0.0,-0.0
1,37,1,-0.0,0.0,-0.0,2.8855982988e8,-0.0,-0.0,-0.0,6.649e7,-0.0,-0.0,1.9892e7,-0.0,-0.0,4.631e6,1.1507015334465e7,2.57134833973e6,1.40760485344e6,-0.0,3.368e6,-0.0,-0.0
1,38,1,-0.0,0.0,-0.0,2.7623150604e8,-0.0,-0.0,-0.0,6.9978e7,-0.0,-0.0,1.9892e7,-0.0,-0.0,4.631e6,1.1507015334465e7,2.57134833973e6,1.40760485344e6,-0.0,3.368e6,-0.0,-0.0
1,39,1,-0.0,0.0,-0.0,2.3038555176e8,-0.0,-0.0,-0.0,7.194e7,-0.0,-0.0,1.9892e7,-0.0,-0.0,4.631e6,1.1507015334465e7,2.57134833973e6,1.40760485344e6,-0.0,3.368e6,-0.0,-0.0
1,40,1,-0.0,0.0,-0.0,1.984089618e8,-0.0,-0.0,-0.0,7.5755e7,-0.0,-0.0,1.9892e7,-0.0,-0.0,4.631e6,1.1507015334465e7,2.57134833973e6,1.40760485344e6,-0.0,3.368e6,-0.0,-0.0
1,41,1,-0.0,0.0,-0.0,1.9686792132e8,-0.0,-0.0,-0.0,7.4556e7,-0.0,-0.0,1.9892e7,-0.0,-0.0,4.631e6,1.1507015334465e7,2.57134833973e6,1.40760485344e6,-0.0,3.368e6,-0.0,-0.0
1,42,1,-0.0,0.0,-0.0,2.40787575e8,-0.0,-0.0,-0.0,8.95152688668e7,-0.0,-0.0,1.9892e7,-0.0,-0.0,4.631e6,-0.0,-0.0,-0.0,-0.0,3.368e6,-0.0,-0.0
1,43,1,-0.0,0.0,-0.0,2.5311589884e8,-0.0,-0.0,-0.0,9.70692999948e7,-0.0,-0.0,1.9892e7,-0.0,-0.0,4.631e6,-0.0,-0.0,-0.0,-0.0,3.368e6,-0.0,-0.0
1,44,1,-0.0,0.0,-0.0,2.5196011848e8,-0.0,-0.0,-0.0,9.48030906564e7,-0.0,-0.0,1.9892e7,-0.0,-0.0,4.631e6,-0.0,-0.0,-0.0,-0.0,3.368e6,-0.0,-0.0
1,45,1,-0.0,0.0,-0.0,2.2383612972e8,-0.0,-0.0,-0.0,9.014477146079999e7,-0.0,-0.0,1.9892e7,-0.0,-0.0,4.631e6,-0.0,-0.0,-0.0,-0.0,3.368e6,-0.0,-0.0
1,46,1,-0.0,0.0,-0.0,2.1882774816e8,-0.0,-0.0,-0.0,8.95152688668e7,-0.0,-0.0,1.9892e7,-0.0,-0.0,4.631e6,-0.0,-0.0,-0.0,-0.0,3.368e6,-0.0,-0.0
1,47,1,-0.0,0.0,-0.0,2.0110578264e8,-0.0,-0.0,-0.0,9.58102948068e7,-0.0,-0.0,1.9892e7,-0.0,-0.0,4.631e6,-0.0,-0.0,-0.0,-0.0,3.368e6,-0.0,-0.0
1,48,1,-0.0,0.0,-0.0,1.9802370168e8,-0.0,-0.0,-0.0,6.5945e7,-0.0,-0.0,1.9892e7,-0.0,-0.0,4.631e6,1.1507015334465e7,2.57134833973e6,1.40760485344e6,-0.0,3.368e6,-0.0,-0.0
1,49,1,-0.0,0.0,-0.0,1.9609740107999998e8,-0.0,-0.0,-0.0,6.191199999999999e7,-0.0,-0.0,1.9892e7,-0.0,-0.0,4.631e6,1.1507015334465e7,2.57134833973e6,1.40760485344e6,-0.0,3.368e6,-0.0,-0.0
1,50,1,-0.0,0.0,-0.0,2.1227832612e8,-0.0,-0.0,-0.0,6.278399999999999e7,-0.0,-0.0,1.9892e7,-0.0,-0.0,4.631e6,1.1507015334465e7,2.57134833973e6,1.40760485344e6,-0.0,3.368e6,-0.0,-0.0
1,51,1,-0.0,0.0,-0.0,2.02261563e8,-0.0,-0.0,-0.0,6.4746e7,-0.0,-0.0,1.9892e7,-0.0,-0.0,4.631e6,1.1507015334465e7,2.57134833973e6,1.40760485344e6,-0.0,3.368e6,-0.0,-0.0
1,52,1,-0.0,0.0,-0.0,1.7953121592e8,-0.0,-0.0,-0.0,6.278399999999999e7,-0.0,-0.0,1.9892e7,-0.0,-0.0,4.631e6,1.1507015334465e7,2.57134833973e6,1.40760485344e6,-0.0,3.368e6,-0.0,-0.0
1,53,1,-0.0,0.0,-0.0,8.3947957968e7,-0.0,-0.0,-0.0,6.104000000000001e7,-0.0,-0.0,1.9892e7,-0.0,-0.0,4.631e6,9.724069889196001e7,2.172932792629e7,1.1895046259680001e7,-0.0,3.368e6,-0.0,-0.0
1,54,1,-0.0,0.0,-0.0,1.7837543556e8,-0.0,-0.0,-0.0,5.907800000000001e7,-0.0,-0.0,1.9892e7,-0.0,-0.0,4.631e6,1.1507015334465e7,2.57134833973e6,1.40760485344e6,-0.0,3.368e6,-0.0,-0.0
1,55,1,-0.0,0.0,-0.0,1.945563606e8,-0.0,-0.0,-0.0,7.2594e7,-0.0,-0.0,1.9892e7,-0.0,-0.0,4.631e6,1.1507015334465e7,2.57134833973e6,1.40760485344e6,-0.0,3.368e6,-0.0,-0.0
1,56,1,-0.0,0.0,-0.0,8.7028616976e7,-0.0,-0.0,-0.0,7.4556e7,-0.0,-0.0,1.9892e7,-0.0,-0.0,4.631e6,9.724069889196001e7,2.172932792629e7,1.1895046259680001e7,-0.0,3.368e6,-0.0,-0.0
1,57,1,-0.0,0.0,-0.0,8.66435346e7,-0.0,-0.0,-0.0,6.8234e7,-0.0,-0.0,1.9892e7,-0.0,-0.0,4.631e6,9.724069889196001e7,2.172932792629e7,1.1895046259680001e7,-0.0,3.368e6,-0.0,-0.0
1,58,1,-0.0,0.0,-0.0,8.2407628464e7,-0.0,-0.0,-0.0,6.9433e7,-0.0,-0.0,1.9892e7,-0.0,-0.0,4.631e6,9.724069889196001e7,2.172932792629e7,1.1895046259680001e7,-0.0,3.368e6,-0.0,-0.0
1,59,1,-0.0,0.0,-0.0,8.2215087276e7,-0.0,-0.0,-0.0,6.8561e7,-0.0,-0.0,1.9892e7,-0.0,-0.0,4.631e6,9.724069889196001e7,2.172932792629e7,1.1895046259680001e7,-0.0,3.368e6,-0.0,-0.0
1,60,1,-0.0,0.0,-0.0,8.317779321599999e7,-0.0,-0.0,-0.0,6.5945e7,-0.0,-0.0,1.9892e7,-0.0,-0.0,4.631e6,9.724069889196001e7,2.172932792629e7,1.1895046259680001e7,-0.0,3.368e6,-0.0,-0.0
1,61,1,-0.0,0.0,-0.0,7.990459302e7,-0.0,-0.0,-0.0,6.649e7,-0.0,-0.0,1.9892e7,-0.0,-0.0,4.631e6,9.724069889196001e7,2.172932792629e7,1.1895046259680001e7,-0.0,3.368e6,-0.0,-0.0
1,62,1,-0.0,0.0,-0.0,7.797918114e7,-0.0,-0.0,-0.0,6.867e7,-0.0,-0.0,1.9892e7,-0.0,-0.0,4.631e6,9.724069889196001e7,2.172932792629e7,1.1895046259680001e7,-0.0,3.368e6,-0.0,-0.0
1,63,1,-0.0,0.0,-0.0,7.4898522132e7,-0.0,-0.0,-0.0,7.3248e7,-0.0,-0.0,1.9892e7,-0.0,-0.0,4.631e6,9.724069889196001e7,2.172932792629e7,1.1895046259680001e7,-0.0,3.368e6,-0.0,-0.0
1,64,1,-0.0,0.0,-0.0,7.509106332e7,-0.0,-0.0,-0.0,7.1504e7,-0.0,-0.0,1.9892e7,-0.0,-0.0,4.631e6,9.724069889196001e7,2.172932792629e7,1.1895046259680001e7,-0.0,3.368e6,-0.0,-0.0
1,65,1,-0.0,0.0,-0.0,7.027753362e7,-0.0,-0.0,-0.0,7.6845e7,-0.0,-0.0,1.9892e7,-0.0,-0.0,4.631e6,9.724069889196001e7,2.172932792629e7,1.1895046259680001e7,-0.0,3.368e6,-0.0,-0.0
1,66,1,-0.0,0.0,-0.0,6.9507368868e7,-0.0,-0.0,-0.0,7.3902e7,-0.0,-0.0,1.9892e7,-0.0,-0.0,4.631e6,9.724069889196001e7,2.172932792629e7,1.1895046259680001e7,-0.0,3.368e6,-0.0,-0.0
1,67,1,-0.0,0.0,-0.0,7.201040431199999e7,-0.0,-0.0,-0.0,7.0305e7,-0.0,-0.0,1.9892e7,-0.0,-0.0,4.631e6,9.724069889196001e7,2.172932792629e7,1.1895046259680001e7,-0.0,3.368e6,-0.0,-0.0
1,68,1,-0.0,0.0,-0.0,6.931482767999999e7,-0.0,-0.0,-0.0,6.867e7,-0.0,-0.0,1.9892e7,-0.0,-0.0,4.631e6,9.724069889196001e7,2.172932792629e7,1.1895046259680001e7,-0.0,3.368e6,-0.0,-0.0
1,69,1,-0.0,0.0,-0.0,7.412835738e7,-0.0,-0.0,-0.0,6.9978e7,-0.0,-0.0,1.9892e7,-0.0,-0.0,4.631e6,9.724069889196001e7,2.172932792629e7,1.1895046259680001e7,-0.0,3.368e6,-0.0,-0.0
1,70,1,-0.0,0.0,-0.0,7.778663995199999e7,-0.0,-0.0,-0.0,5.8206e7,-0.0,-0.0,1.9892e7,-0.0,-0.0,4.631e6,9.724069889196001e7,2.172932792629e7,1.1895046259680001e7,-0.0,3.368e6,-0.0,-0.0
1,71,1,-0.0,0.0,-0.0,7.2780569064e7,-0.0,-0.0,-0.0,6.147599999999999e7,-0.0,-0.0,1.9892e7,-0.0,-0.0,4.631e6,9.724069889196001e7,2.172932792629e7,1.1895046259680001e7,-0.0,3.368e6,-0.0,-0.0
1,72,1,-0.0,0.0,-0.0,6.9699910056e7,-0.0,-0.0,-0.0,6.6163e7,-0.0,-0.0,1.9892e7,-0.0,-0.0,4.631e6,9.724069889196001e7,2.172932792629e7,1.1895046259680001e7,-0.0,3.368e6,-0.0,-0.0
1,73,1,-0.0,0.0,-0.0,6.6041627484e7,-0.0,-0.0,-0.0,5.8533e7,-0.0,-0.0,1.9892e7,-0.0,-0.0,4.631e6,9.724069889196001e7,2.172932792629e7,1.1895046259680001e7,-0.0,3.368e6,-0.0,-0.0
1,74,1,-0.0,0.0,-0.0,6.9892451244e7,-0.0,-0.0,-0.0,5.8206e7,-0.0,-0.0,1.9892e7,-0.0,-0.0,4.631e6,9.724069889196001e7,2.172932792629e7,1.1895046259680001e7,-0.0,3.368e6,-0.0,-0.0
1,75,1,-0.0,0.0,-0.0,7.5476145696e7,-0.0,-0.0,-0.0,1.8710137731599998e8,-0.0,-0.0,1.9892e7,-0.0,-0.0,4.631e6,-0.0,-0.0,-0.0,-0.0,3.368e6,-0.0,-0.0
1,76,1,-0.0,0.0,-0.0,7.316565144e7,-0.0,-0.0,-0.0,1.79043175332e8,-0.0,-0.0,1.9892e7,-0.0,-0.0,4.631e6,-0.0,-0.0,-0.0,-0.0,3.368e6,-0.0,-0.0
1,77,1,-0.0,0.0,-0.0,7.3743275004e7,-0.0,-0.0,-0.0,6.5836e7,-0.0,-0.0,1.9892e7,-0.0,-0.0,4.631e6,9.724069889196001e7,2.172932792629e7,1.1895046259680001e7,-0.0,3.368e6,-0.0,-0.0
1,78,1,-0.0,0.0,-0.0,7.0470074808e7,-0.0,-0.0,-0.0,6.267499999999999e7,-0.0,-0.0,1.9892e7,-0.0,-0.0,4.631e6,9.724069889196001e7,2.172932792629e7,1.1895046259680001e7,-0.0,3.368e6,-0.0,-0.0
1,79,1,-0.0,0.0,-0.0,6.9892451244e7,-0.0,-0.0,-0.0,6.212999999999999e7,-0.0,-0.0,1.9892e7,-0.0,-0.0,4.631e6,9.724069889196001e7,2.172932792629e7,1.1895046259680001e7,-0.0,3.368e6,-0.0,-0.0
1,80,1,-0.0,0.0,-0.0,6.5656545107999995e7,-0.0,-0.0,-0.0,6.4201e7,-0.0,-0.0,1.9892e7,-0.0,-0.0,4.631e6,9.724069889196001e7,2.172932792629e7,1.1895046259680001e7,-0.0,3.368e6,-0.0,-0.0
1,81,1,-0.0,0.0,-0.0,6.5656545107999995e7,-0.0,-0.0,-0.0,5.2974e7,-0.0,-0.0,1.9892e7,-0.0,-0.0,4.631e6,9.724069889196001e7,2.172932792629e7,1.1895046259680001e7,-0.0,3.368e6,-0.0,-0.0
1,82,1,-0.0,0.0,-0.0,6.8159580552e7,-0.0,-0.0,-0.0,4.8069e7,-0.0,-0.0,1.9892e7,-0.0,-0.0,4.631e6,9.724069889196001e7,2.172932792629e7,1.1895046259680001e7,-0.0,3.368e6,-0.0,-0.0
1,83,1,-0.0,0.0,-0.0,6.6234168672e7,-0.0,-0.0,-0.0,6.7035e7,-0.0,-0.0,1.9892e7,-0.0,-0.0,4.631e6,9.724069889196001e7,2.172932792629e7,1.1895046259680001e7,-0.0,3.368e6,-0.0,-0.0
1,84,1,-0.0,0.0,-0.0,6.161318016e7,-0.0,-0.0,-0.0,5.5917e7,-0.0,-0.0,1.9892e7,-0.0,-0.0,4.631e6,9.724069889196001e7,2.172932792629e7,1.1895046259680001e7,-0.0,3.368e6,-0.0,-0.0
1,85,1,-0.0,0.0,-0.0,6.2768427287999995e7,-0.0,-0.0,-0.0,4.033e7,-0.0,-0.0,1.9892e7,-0.0,-0.0,4.631e6,9.724069889196001e7,2.172932792629e7,1.1895046259680001e7,-0.0,3.368e6,-0.0,-0.0
1,86,1,-0.0,0.0,-0.0,5.9110144716e7,-0.0,-0.0,-0.0,3.9676e7,-0.0,-0.0,1.9892e7,-0.0,-0.0,4.631e6,9.724069889196001e7,2.172932792629e7,1.1895046259680001e7,-0.0,3.368e6,-0.0,-0.0
1,87,1,-0.0,0.0,-0.0,5.0638332444e7,-0.0,-0.0,-0.0,4.1747e7,-0.0,-0.0,1.9892e7,-0.0,-0.0,4.631e6,9.724069889196001e7,2.172932792629e7,1.1895046259680001e7,-0.0,3.368e6,-0.0,-0.0
1,88,1,-0.0,0.0,-0.0,5.5066779768e7,-0.0,-0.0,-0.0,4.5453e7,-0.0,-0.0,1.9892e7,-0.0,-0.0,4.631e6,9.724069889196001e7,2.172932792629e7,1.1895046259680001e7,-0.0,3.368e6,-0.0,-0.0
1,89,1,-0.0,0.0,-0.0,5.0830873632e7,-0.0,-0.0,-0.0,4.687e7,-0.0,-0.0,1.9892e7,-0.0,-0.0,4.631e6,9.724069889196001e7,2.172932792629e7,1.1895046259680001e7,-0.0,3.368e6,-0.0,-0.0
1,90,1,-0.0,0.0,-0.0,5.2178661948e7,-0.0,-0.0,-0.0,4.36e7,-0.0,-0.0,1.9892e7,-0.0,-0.0,4.631e6,9.724069889196001e7,2.172932792629e7,1.1895046259680001e7,-0.0,3.368e6,-0.0,-0.0
1,91,1,0.0,0.0,-0.0,4.7365132247999996e7,-0.0,-0.0,-0.0,4.4908e7,-0.0,-0.0,1.9892e7,-0.0,-0.0,4.631e6,9.724069889196001e7,2.172932792629e7,1.1895046259680001e7,-0.0,3.368e6,-0.0,-0.0
1,92,1,0.0,0.0,-0.0,4.5439720368e7,-0.0,-0.0,-0.0,4.2183e7,-0.0,-0.0,1.9892e7,-0.0,-0.0,4.631e6,9.724069889196001e7,2.172932792629e7,1.1895046259680001e7,-0.0,3.368e6,-0.0,-0.0
1,93,1,-0.0,0.0,-0.0,5.1601038383999996e7,-0.0,-0.0,-0.0,4.3818e7,-0.0,-0.0,1.9892e7,-0.0,-0.0,4.631e6,9.724069889196001e7,2.172932792629e7,1.1895046259680001e7,-0.0,3.368e6,-0.0,-0.0
1,94,1,-0.0,0.0,-0.0,6.161318016e7,-0.0,-0.0,-0.0,4.5017e7,-0.0,-0.0,1.9892e7,-0.0,-0.0,4.631e6,9.724069889196001e7,2.172932792629e7,1.1895046259680001e7,-0.0,3.368e6,-0.0,-0.0
1,95,1,-0.0,0.0,-0.0,6.3346050852e7,-0.0,-0.0,-0.0,4.3382e7,-0.0,-0.0,1.9892e7,-0.0,-0.0,4.631e6,9.724069889196001e7,2.172932792629e7,1.1895046259680001e7,-0.0,3.368e6,-0.0,-0.0
1,96,1,-0.0,0.0,-0.0,6.4693839168e7,-0.0,-0.0,-0.0,4.142e7,-0.0,-0.0,1.9892e7,-0.0,-0.0,4.631e6,9.724069889196001e7,2.172932792629e7,1.1895046259680001e7,-0.0,3.368e6,-0.0,-0.0
1,97,1,-0.0,0.0,-0.0,5.5836944519999996e7,-0.0,-0.0,-0.0,3.8368e7,-0.0,-0.0,1.9892e7,-0.0,-0.0,4.631e6,9.724069889196001e7,2.172932792629e7,1.1895046259680001e7,-0.0,3.368e6,-0.0,-0.0
1,98,1,-0.0,0.0,-0.0,6.1805721348e7,-0.0,-0.0,-0.0,4.0003e7,-0.0,-0.0,1.9892e7,-0.0,-0.0,4.631e6,9.724069889196001e7,2.172932792629e7,1.1895046259680001e7,-0.0,3.368e6,-0.0,-0.0
1,99,1,-0.0,0.0,-0.0,6.5078921544e7,-0.0,-0.0,-0.0,3.9458e7,-0.0,-0.0,1.9892e7,-0.0,-0.0,4.631e6,9.724069889196001e7,2.172932792629e7,1.1895046259680001e7,-0.0,3.368e6,-0.0,-0.0
1,100,1,-0.0,0.0,-0.0,6.8544662928e7,-0.0,-0.0,-0.0,4.3818e7,-0.0,-0.0,1.9892e7,-0.0,-0.0,4.631e6,9.724069889196001e7,2.172932792629e7,1.1895046259680001e7,-0.0,3.368e6,-0.0,-0.0
1,101,1,-0.0,0.0,-0.0,7.4320898568e7,-0.0,-0.0,-0.0,4.5017e7,-0.0,-0.0,1.9892e7,-0.0,-0.0,4.631e6,9.724069889196001e7,2.172932792629e7,1.1895046259680001e7,-0.0,3.368e6,-0.0,-0.0
1,102,1,-0.0,0.0,-0.0,8.5488287472e7,-0.0,-0.0,-0.0,4.7415e7,-0.0,-0.0,1.9892e7,-0.0,-0.0,4.631e6,9.724069889196001e7,2.172932792629e7,1.1895046259680001e7,-0.0,3.368e6,-0.0,-0.0
1,103,1,-0.0,0.0,-0.0,8.086729896e7,-0.0,-0.0,-0.0,4.3818e7,-0.0,-0.0,1.9892e7,-0.0,-0.0,4.631e6,9.724069889196001e7,2.172932792629e7,1.1895046259680001e7,-0.0,3.368e6,-0.0,-0.0
1,104,1,-0.0,0.0,-0.0,8.5103205096e7,-0.0,-0.0,-0.0,4.1202e7,-0.0,-0.0,1.9892e7,-0.0,-0.0,4.631e6,9.724069889196001e7,2.172932792629e7,1.1895046259680001e7,-0.0,3.368e6,-0.0,-0.0
1,105,1,-0.0,0.0,-0.0,1.9147427964e8,-0.0,-0.0,-0.0,4.4472e7,-0.0,-0.0,1.9892e7,-0.0,-0.0,4.631e6,1.1507015334465e7,2.57134833973e6,1.40760485344e6,-0.0,3.368e6,-0.0,-0.0
1,106,1,-0.0,0.0,-0.0,1.8338381712e8,-0.0,-0.0,-0.0,4.6761e7,-0.0,-0.0,1.9892e7,-0.0,-0.0,4.631e6,1.1507015334465e7,2.57134833973e6,1.40760485344e6,-0.0,3.368e6,-0.0,-0.0
1,107,1,-0.0,0.0,-0.0,8.4140499156e7,-0.0,-0.0,-0.0,4.687e7,-0.0,-0.0,1.9892e7,-0.0,-0.0,4.631e6,9.724069889196001e7,2.172932792629e7,1.1895046259680001e7,-0.0,3.368e6,-0.0,-0.0
1,108,1,-0.0,0.0,-0.0,8.279271084e7,-0.0,-0.0,-0.0,5.0358e7,-0.0,-0.0,1.9892e7,-0.0,-0.0,4.631e6,9.724069889196001e7,2.172932792629e7,1.1895046259680001e7,-0.0,3.368e6,-0.0,-0.0
1,109,1,-0.0,0.0,-0.0,8.6836075788e7,-0.0,-0.0,-0.0,4.2401e7,-0.0,-0.0,1.9892e7,-0.0,-0.0,4.631e6,9.724069889196001e7,2.172932792629e7,1.1895046259680001e7,-0.0,3.368e6,-0.0,-0.0
1,110,1,-0.0,0.0,-0.0,8.2022546088e7,-0.0,-0.0,-0.0,4.3491e7,-0.0,-0.0,1.9892e7,-0.0,-0.0,4.631e6,9.724069889196001e7,2.172932792629e7,1.1895046259680001e7,-0.0,3.368e6,-0.0,-0.0
1,111,1,-0.0,0.0,-0.0,7.1047698372e7,-0.0,-0.0,-0.0,4.3055e7,-0.0,-0.0,1.9892e7,-0.0,-0.0,4.631e6,9.724069889196001e7,2.172932792629e7,1.1895046259680001e7,-0.0,3.368e6,-0.0,-0.0
1,112,1,-0.0,0.0,-0.0,6.8159580552e7,-0.0,-0.0,-0.0,4.6434e7,-0.0,-0.0,1.9892e7,-0.0,-0.0,4.631e6,9.724069889196001e7,2.172932792629e7,1.1895046259680001e7,-0.0,3.368e6,-0.0,-0.0
1,113,1,-0.0,0.0,-0.0,6.3153509664e7,-0.0,-0.0,-0.0,4.2183e7,-0.0,-0.0,1.9892e7,-0.0,-0.0,4.631e6,9.724069889196001e7,2.172932792629e7,1.1895046259680001e7,-0.0,3.368e6,-0.0,-0.0
1,114,1,-0.0,0.0,-0.0,5.8147438776e7,-0.0,-0.0,-0.0,4.36e7,-0.0,-0.0,1.9892e7,-0.0,-0.0,4.631e6,9.724069889196001e7,2.172932792629e7,1.1895046259680001e7,-0.0,3.368e6,-0.0,-0.0
1,115,1,-0.0,0.0,-0.0,6.3346050852e7,-0.0,-0.0,-0.0,4.3818e7,-0.0,-0.0,1.9892e7,-0.0,-0.0,4.631e6,9.724069889196001e7,2.172932792629e7,1.1895046259680001e7,-0.0,3.368e6,-0.0,-0.0
1,116,1,-0.0,0.0,-0.0,6.1035556596e7,-0.0,-0.0,-0.0,4.469e7,-0.0,-0.0,1.9892e7,-0.0,-0.0,4.631e6,9.724069889196001e7,2.172932792629e7,1.1895046259680001e7,-0.0,3.368e6,-0.0,-0.0
1,117,1,-0.0,0.0,-0.0,5.7569815212e7,-0.0,-0.0,-0.0,4.5126e7,-0.0,-0.0,1.9892e7,-0.0,-0.0,4.631e6,9.724069889196001e7,2.172932792629e7,1.1895046259680001e7,-0.0,3.368e6,-0.0,-0.0
1,118,1,-0.0,0.0,-0.0,6.25758861e7,-0.0,-0.0,-0.0,4.0984e7,-0.0,-0.0,1.9892e7,-0.0,-0.0,4.631e6,9.724069889196001e7,2.172932792629e7,1.1895046259680001e7,-0.0,3.368e6,-0.0,-0.0
1,119,1,-0.0,0.0,-0.0,6.3923674416e7,-0.0,-0.0,-0.0,4.0439e7,-0.0,-0.0,1.9892e7,-0.0,-0.0,4.631e6,9.724069889196001e7,2.172932792629e7,1.1895046259680001e7,-0.0,3.368e6,-0.0,-0.0
1,120,1,-0.0,0.0,-0.0,6.4308756791999996e7,-0.0,-0.0,-0.0,3.7278e7,-0.0,-0.0,1.9892e7,-0.0,-0.0,4.631e6,9.724069889196001e7,2.172932792629e7,1.1895046259680001e7,-0.0,3.368e6,-0.0,-0.0
1,121,1,-0.0,0.0,-0.0,5.6222026896e7,-0.0,-0.0,-0.0,3.7496e7,-0.0,-0.0,1.9892e7,-0.0,-0.0,4.631e6,9.724069889196001e7,2.172932792629e7,1.1895046259680001e7,-0.0,3.368e6,-0.0,-0.0
1,122,1,-0.0,0.0,-0.0,5.7184732835999995e7,-0.0,-0.0,-0.0,4.1529e7,-0.0,-0.0,1.9892e7,-0.0,-0.0,4.631e6,9.724069889196001e7,2.172932792629e7,1.1895046259680001e7,-0.0,3.368e6,-0.0,-0.0
1,123,1,-0.0,0.0,-0.0,5.2371203136e7,-0.0,-0.0,-0.0,4.1965e7,-0.0,-0.0,1.9892e7,-0.0,-0.0,4.631e6,9.724069889196001e7,2.172932792629e7,1.1895046259680001e7,-0.0,3.368e6,-0.0,-0.0
1,124,1,-0.0,0.0,-0.0,4.8905461752e7,-0.0,-0.0,-0.0,4.2183e7,-0.0,-0.0,1.9892e7,-0.0,-0.0,4.631e6,9.724069889196001e7,2.172932792629e7,1.1895046259680001e7,-0.0,3.368e6,-0.0,-0.0
1,125,1,-0.0,0.0,-0.0,5.4296615015999995e7,-0.0,-0.0,-0.0,4.2074e7,-0.0,-0.0,1.9892e7,-0.0,-0.0,4.631e6,9.724069889196001e7,2.172932792629e7,1.1895046259680001e7,-0.0,3.368e6,-0.0,-0.0
1,126,1,-0.0,0.0,-0.0,5.0253250067999996e7,-0.0,-0.0,-0.0,4.0657e7,-0.0,-0.0,1.9892e7,-0.0,-0.0,4.631e6,9.724069889196001e7,2.172932792629e7,1.1895046259680001e7,-0.0,3.368e6,-0.0,-0.0
1,127,1,0.0,0.0,-0.0,4.4862096804e7,-0.0,-0.0,-0.0,4.0984e7,-0.0,-0.0,1.9892e7,-0.0,-0.0,4.631e6,9.724069889196001e7,2.172932792629e7,1.1895046259680001e7,-0.0,3.368e6,-0.0,-0.0
1,128,1,0.0,0.0,-0.0,4.5054637992e7,-0.0,-0.0,-0.0,3.9131e7,-0.0,-0.0,1.9892e7,-0.0,-0.0,4.631e6,9.724069889196001e7,2.172932792629e7,1.1895046259680001e7,-0.0,3.368e6,-0.0,-0.0
1,129,1,0.0,0.0,-0.0,4.428447324e7,-0.0,-0.0,-0.0,3.6842e7,-0.0,-0.0,1.9892e7,-0.0,-0.0,4.631e6,9.724069889196001e7,2.172932792629e7,1.1895046259680001e7,-0.0,3.368e6,-0.0,-0.0
1,130,1,-0.0,0.0,-0.0,5.6029485708e7,-0.0,-0.0,-0.0,3.6842e7,-0.0,-0.0,1.9892e7,-0.0,-0.0,4.631e6,9.724069889196001e7,2.172932792629e7,1.1895046259680001e7,-0.0,3.368e6,-0.0,-0.0
1,131,1,-0.0,0.0,-0.0,5.4489156203999996e7,-0.0,-0.0,-0.0,3.5643e7,-0.0,-0.0,1.9892e7,-0.0,-0.0,4.631e6,9.724069889196001e7,2.172932792629e7,1.1895046259680001e7,-0.0,3.368e6,-0.0,-0.0
1,132,1,-0.0,0.0,-0.0,5.102341482e7,-0.0,-0.0,-0.0,3.488e7,-0.0,-0.0,1.9892e7,-0.0,-0.0,4.631e6,9.724069889196001e7,2.172932792629e7,1.1895046259680001e7,-0.0,3.368e6,-0.0,-0.0
1,133,1,-0.0,0.0,-0.0,5.4104073828e7,-0.0,-0.0,-0.0,3.6406e7,-0.0,-0.0,1.9892e7,-0.0,-0.0,4.631e6,9.724069889196001e7,2.172932792629e7,1.1895046259680001e7,-0.0,3.368e6,-0.0,-0.0
1,134,1,-0.0,0.0,-0.0,5.4104073828e7,-0.0,-0.0,-0.0,3.8368e7,-0.0,-0.0,1.9892e7,-0.0,-0.0,4.631e6,9.724069889196001e7,2.172932792629e7,1.1895046259680001e7,-0.0,3.368e6,-0.0,-0.0
1,135,1,-0.0,0.0,-0.0,5.3141367888e7,-0.0,-0.0,-0.0,3.9131e7,-0.0,-0.0,1.9892e7,-0.0,-0.0,4.631e6,9.724069889196001e7,2.172932792629e7,1.1895046259680001e7,-0.0,3.368e6,-0.0,-0.0
1,136,1,-0.0,0.0,-0.0,5.0830873632e7,-0.0,-0.0,-0.0,3.8041e7,-0.0,-0.0,1.9892e7,-0.0,-0.0,4.631e6,9.724069889196001e7,2.172932792629e7,1.1895046259680001e7,-0.0,3.368e6,-0.0,-0.0
1,137,1,-0.0,0.0,-0.0,5.1408497195999995e7,-0.0,-0.0,-0.0,3.9349e7,-0.0,-0.0,1.9892e7,-0.0,-0.0,4.631e6,9.724069889196001e7,2.172932792629e7,1.1895046259680001e7,-0.0,3.368e6,-0.0,-0.0
1,138,1,-0.0,0.0,-0.0,5.2371203136e7,-0.0,-0.0,-0.0,4.4472e7,-0.0,-0.0,1.9892e7,-0.0,-0.0,4.631e6,9.724069889196001e7,2.172932792629e7,1.1895046259680001e7,-0.0,3.368e6,-0.0,-0.0
1,139,1,-0.0,0.0,-0.0,5.1793579572e7,-0.0,-0.0,-0.0,4.3055e7,-0.0,-0.0,1.9892e7,-0.0,-0.0,4.631e6,9.724069889196001e7,2.172932792629e7,1.1895046259680001e7,-0.0,3.368e6,-0.0,-0.0
1,140,1,0.0,0.0,-0.0,4.7365132247999996e7,-0.0,-0.0,-0.0,3.924e7,-0.0,-0.0,1.9892e7,-0.0,-0.0,4.631e6,9.724069889196001e7,2.172932792629e7,1.1895046259680001e7,-0.0,3.368e6,-0.0,-0.0
1,141,1,-0.0,0.0,-0.0,5.0638332444e7,-0.0,-0.0,-0.0,3.9894e7,-0.0,-0.0,1.9892e7,-0.0,-0.0,4.631e6,9.724069889196001e7,2.172932792629e7,1.1895046259680001e7,-0.0,3.368e6,-0.0,-0.0
1,142,1,-0.0,0.0,-0.0,5.2948826699999996e7,-0.0,-0.0,-0.0,4.5017e7,-0.0,-0.0,1.9892e7,-0.0,-0.0,4.631e6,9.724069889196001e7,2.172932792629e7,1.1895046259680001e7,-0.0,3.368e6,-0.0,-0.0
1,143,1,-0.0,0.0,-0.0,5.487423858e7,-0.0,-0.0,-0.0,4.4799e7,-0.0,-0.0,1.9892e7,-0.0,-0.0,4.631e6,9.724069889196001e7,2.172932792629e7,1.1895046259680001e7,-0.0,3.368e6,-0.0,-0.0
1,144,1,-0.0,0.0,-0.0,5.6992191648e7,-0.0,-0.0,-0.0,4.0766e7,-0.0,-0.0,1.9892e7,-0.0,-0.0,4.631e6,9.724069889196001e7,2.172932792629e7,1.1895046259680001e7,-0.0,3.368e6,-0.0,-0.0
1,145,1,-0.0,0.0,-0.0,6.1998262536e7,-0.0,-0.0,-0.0,3.7605e7,-0.0,-0.0,1.9892e7,-0.0,-0.0,4.631e6,9.724069889196001e7,2.172932792629e7,1.1895046259680001e7,-0.0,3.368e6,-0.0,-0.0
1,146,1,-0.0,0.0,-0.0,6.1420638971999995e7,-0.0,-0.0,-0.0,3.8259e7,-0.0,-0.0,1.9892e7,-0.0,-0.0,4.631e6,9.724069889196001e7,2.172932792629e7,1.1895046259680001e7,-0.0,3.368e6,-0.0,-0.0
1,147,1,0.0,0.0,-0.0,4.428447324e7,-0.0,-0.0,-0.0,3.0955999999999996e7,-0.0,-0.0,1.9892e7,-0.0,-0.0,4.631e6,9.724069889196001e7,2.172932792629e7,1.1895046259680001e7,-0.0,3.368e6,-0.0,-0.0
1,148,1,0.0,0.0,-0.0,4.4091932052e7,-0.0,-0.0,-0.0,3.2155e7,-0.0,-0.0,1.9892e7,-0.0,-0.0,4.631e6,9.724069889196001e7,2.172932792629e7,1.1895046259680001e7,-0.0,3.368e6,-0.0,-0.0
1,149,1,0.0,0.0,-0.0,4.6402426308e7,-0.0,-0.0,-0.0,3.2155e7,-0.0,-0.0,1.9892e7,-0.0,-0.0,4.631e6,9.724069889196001e7,2.172932792629e7,1.1895046259680001e7,-0.0,3.368e6,-0.0,-0.0
1,150,1,-0.0,0.0,-0.0,5.0253250067999996e7,-0.0,-0.0,-0.0,3.6624e7,-0.0,-0.0,1.9892e7,-0.0,-0.0,4.631e6,9.724069889196001e7,2.172932792629e7,1.1895046259680001e7,-0.0,3.368e6,-0.0,-0.0
1,151,1,-0.0,0.0,-0.0,5.3718991452e7,-0.0,-0.0,-0.0,3.9785e7,-0.0,-0.0,1.9892e7,-0.0,-0.0,4.631e6,9.724069889196001e7,2.172932792629e7,1.1895046259680001e7,-0.0,3.368e6,-0.0,-0.0
1,152,1,-0.0,0.0,-0.0,5.3718991452e7,-0.0,-0.0,-0.0,3.7278e7,-0.0,-0.0,1.9892e7,-0.0,-0.0,4.631e6,9.724069889196001e7,2.172932792629e7,1.1895046259680001e7,-0.0,3.368e6,-0.0,-0.0
1,153,1,-0.0,0.0,-0.0,5.5451862144e7,-0.0,-0.0,-0.0,4.0984e7,-0.0,-0.0,1.9892e7,-0.0,-0.0,4.631e6,9.724069889196001e7,2.172932792629e7,1.1895046259680001e7,-0.0,3.368e6,-0.0,-0.0
1,154,1,-0.0,0.0,-0.0,6.1035556596e7,-0.0,-0.0,-0.0,4.2728e7,-0.0,-0.0,1.9892e7,-0.0,-0.0,4.631e6,9.724069889196001e7,2.172932792629e7,1.1895046259680001e7,-0.0,3.368e6,-0.0,-0.0
1,155,1,-0.0,0.0,-0.0,6.161318016e7,-0.0,-0.0,-0.0,4.1856e7,-0.0,-0.0,1.9892e7,-0.0,-0.0,4.631e6,9.724069889196001e7,2.172932792629e7,1.1895046259680001e7,-0.0,3.368e6,-0.0,-0.0
1,156,1,-0.0,0.0,-0.0,6.5656545107999995e7,-0.0,-0.0,-0.0,3.8477e7,-0.0,-0.0,1.9892e7,-0.0,-0.0,4.631e6,9.724069889196001e7,2.172932792629e7,1.1895046259680001e7,-0.0,3.368e6,-0.0,-0.0
1,157,1,-0.0,0.0,-0.0,6.7196874612e7,-0.0,-0.0,-0.0,4.5126e7,-0.0,-0.0,1.9892e7,-0.0,-0.0,4.631e6,9.724069889196001e7,2.172932792629e7,1.1895046259680001e7,-0.0,3.368e6,-0.0,-0.0
1,158,1,-0.0,0.0,-0.0,7.4320898568e7,-0.0,-0.0,-0.0,4.9159e7,-0.0,-0.0,1.9892e7,-0.0,-0.0,4.631e6,9.724069889196001e7,2.172932792629e7,1.1895046259680001e7,-0.0,3.368e6,-0.0,-0.0
1,159,1,-0.0,0.0,-0.0,6.2768427287999995e7,-0.0,-0.0,-0.0,5.2647e7,-0.0,-0.0,1.9892e7,-0.0,-0.0,4.631e6,9.724069889196001e7,2.172932792629e7,1.1895046259680001e7,-0.0,3.368e6,-0.0,-0.0
1,160,1,-0.0,0.0,-0.0,7.3935816192e7,-0.0,-0.0,-0.0,6.104000000000001e7,-0.0,-0.0,1.9892e7,-0.0,-0.0,4.631e6,9.724069889196001e7,2.172932792629e7,1.1895046259680001e7,-0.0,3.368e6,-0.0,-0.0
1,161,1,-0.0,0.0,-0.0,7.3743275004e7,-0.0,-0.0,-0.0,7.3139e7,-0.0,-0.0,1.9892e7,-0.0,-0.0,4.631e6,9.724069889196001e7,2.172932792629e7,1.1895046259680001e7,-0.0,3.368e6,-0.0,-0.0
1,162,1,-0.0,0.0,-0.0,7.4898522132e7,-0.0,-0.0,-0.0,6.8561e7,-0.0,-0.0,1.9892e7,-0.0,-0.0,4.631e6,9.724069889196001e7,2.172932792629e7,1.1895046259680001e7,-0.0,3.368e6,-0.0,-0.0
1,163,1,-0.0,0.0,-0.0,7.605376925999999e7,-0.0,-0.0,-0.0,6.4201e7,-0.0,-0.0,1.9892e7,-0.0,-0.0,4.631e6,9.724069889196001e7,2.172932792629e7,1.1895046259680001e7,-0.0,3.368e6,-0.0,-0.0
1,164,1,-0.0,0.0,-0.0,8.4140499156e7,-0.0,-0.0,-0.0,6.4746e7,-0.0,-0.0,1.9892e7,-0.0,-0.0,4.631e6,9.724069889196001e7,2.172932792629e7,1.1895046259680001e7,-0.0,3.368e6,-0.0,-0.0
1,165,1,-0.0,0.0,-0.0,8.4140499156e7,-0.0,-0.0,-0.0,6.9433e7,-0.0,-0.0,1.9892e7,-0.0,-0.0,4.631e6,9.724069889196001e7,2.172932792629e7,1.1895046259680001e7,-0.0,3.368e6,-0.0,-0.0
1,166,1,-0.0,0.0,-0.0,8.183000489999999e7,-0.0,-0.0,-0.0,7.4883e7,-0.0,-0.0,1.9892e7,-0.0,-0.0,4.631e6,9.724069889196001e7,2.172932792629e7,1.1895046259680001e7,-0.0,3.368e6,-0.0,-0.0
1,167,1,-0.0,0.0,-0.0,7.894188708e7,-0.0,-0.0,-0.0,2.266369308e8,-0.0,-0.0,1.9892e7,-0.0,-0.0,4.631e6,-0.0,-0.0,-0.0,-0.0,3.368e6,-0.0,-0.0
1,168,1,-0.0,0.0,-0.0,8.0097134208e7,-0.0,-0.0,-0.0,1.99692317916e8,-0.0,-0.0,1.9892e7,-0.0,-0.0,4.631e6,-0.0,-0.0,-0.0,-0.0,3.368e6,-0.0,-0.0
1,169,1,-0.0,0.0,-0.0,7.7401557576e7,-0.0,-0.0,-0.0,6.223899999999999e7,-0.0,-0.0,1.9892e7,-0.0,-0.0,4.631e6,9.724069889196001e7,2.172932792629e7,1.1895046259680001e7,-0.0,3.368e6,-0.0,-0.0
1,170,1,-0.0,0.0,-0.0,7.643885163599999e7,-0.0,-0.0,-0.0,6.212999999999999e7,-0.0,-0.0,1.9892e7,-0.0,-0.0,4.631e6,9.724069889196001e7,2.172932792629e7,1.1895046259680001e7,-0.0,3.368e6,-0.0,-0.0
1,171,1,-0.0,0.0,-0.0,8.279271084e7,-0.0,-0.0,-0.0,7.1068e7,-0.0,-0.0,1.9892e7,-0.0,-0.0,4.631e6,9.724069889196001e7,2.172932792629e7,1.1895046259680001e7,-0.0,3.368e6,-0.0,-0.0
1,172,1,-0.0,0.0,-0.0,8.2215087276e7,-0.0,-0.0,-0.0,7.5864e7,-0.0,-0.0,1.9892e7,-0.0,-0.0,4.631e6,9.724069889196001e7,2.172932792629e7,1.1895046259680001e7,-0.0,3.368e6,-0.0,-0.0
1,173,1,-0.0,0.0,-0.0,8.2407628464e7,-0.0,-0.0,-0.0,1.83324095136e8,-0.0,-0.0,1.9892e7,-0.0,-0.0,4.631e6,-0.0,-0.0,-0.0,-0.0,3.368e6,-0.0,-0.0
1,174,1,-0.0,0.0,-0.0,7.990459302e7,-0.0,-0.0,-0.0,1.85590464444e8,-0.0,-0.0,1.9892e7,-0.0,-0.0,4.631e6,-0.0,-0.0,-0.0,-0.0,3.368e6,-0.0,-0.0
1,175,1,-0.0,0.0,-0.0,7.4513439756e7,-0.0,-0.0,-0.0,7.2485e7,-0.0,-0.0,1.9892e7,-0.0,-0.0,4.631e6,9.724069889196001e7,2.172932792629e7,1.1895046259680001e7,-0.0,3.368e6,-0.0,-0.0
1,176,1,-0.0,0.0,-0.0,7.5861228072e7,-0.0,-0.0,-0.0,7.3357e7,-0.0,-0.0,1.9892e7,-0.0,-0.0,4.631e6,9.724069889196001e7,2.172932792629e7,1.1895046259680001e7,-0.0,3.368e6,-0.0,-0.0
1,177,1,-0.0,0.0,-0.0,7.8171722328e7,-0.0,-0.0,-0.0,7.0305e7,-0.0,-0.0,1.9892e7,-0.0,-0.0,4.631e6,9.724069889196001e7,2.172932792629e7,1.1895046259680001e7,-0.0,3.368e6,-0.0,-0.0
1,178,1,-0.0,0.0,-0.0,7.6246310448e7,-0.0,-0.0,-0.0,7.0959e7,-0.0,-0.0,1.9892e7,-0.0,-0.0,4.631e6,9.724069889196001e7,2.172932792629e7,1.1895046259680001e7,-0.0,3.368e6,-0.0,-0.0
1,179,1,-0.0,0.0,-0.0,8.3370334404e7,-0.0,-0.0,-0.0,7.4229e7,-0.0,-0.0,1.9892e7,-0.0,-0.0,4.631e6,9.724069889196001e7,2.172932792629e7,1.1895046259680001e7,-0.0,3.368e6,-0.0,-0.0
1,180,1,-0.0,0.0,-0.0,8.5103205096e7,-0.0,-0.0,-0.0,6.343799999999999e7,-0.0,-0.0,1.9892e7,-0.0,-0.0,4.631e6,9.724069889196001e7,2.172932792629e7,1.1895046259680001e7,-0.0,3.368e6,-0.0,-0.0
1,181,1,-0.0,0.0,-0.0,1.849248576e8,-0.0,-0.0,-0.0,6.311099999999999e7,-0.0,-0.0,1.9892e7,-0.0,-0.0,4.631e6,1.1507015334465e7,2.57134833973e6,1.40760485344e6,-0.0,3.368e6,-0.0,-0.0
1,182,1,-0.0,0.0,-0.0,1.8762167844e8,-0.0,-0.0,-0.0,6.256599999999999e7,-0.0,-0.0,1.9892e7,-0.0,-0.0,4.631e6,1.1507015334465e7,2.57134833973e6,1.40760485344e6,-0.0,3.368e6,-0.0,-0.0
1,183,1,-0.0,0.0,-0.0,1.8916271892e8,-0.0,-0.0,-0.0,6.4637e7,-0.0,-0.0,1.9892e7,-0.0,-0.0,4.631e6,1.1507015334465e7,2.57134833973e6,1.40760485344e6,-0.0,3.368e6,-0.0,-0.0
1,184,1,-0.0,0.0,-0.0,2.292297714e8,-0.0,-0.0,-0.0,6.976e7,-0.0,-0.0,1.9892e7,-0.0,-0.0,4.631e6,1.1507015334465e7,2.57134833973e6,1.40760485344e6,-0.0,3.368e6,-0.0,-0.0
1,185,1,-0.0,0.0,-0.0,2.1266358624e8,-0.0,-0.0,-0.0,7.0196e7,-0.0,-0.0,1.9892e7,-0.0,-0.0,4.631e6,1.1507015334465e7,2.57134833973e6,1.40760485344e6,-0.0,3.368e6,-0.0,-0.0
1,186,1,-0.0,0.0,-0.0,1.945563606e8,-0.0,-0.0,-0.0,7.2158e7,-0.0,-0.0,1.9892e7,-0.0,-0.0,4.631e6,1.1507015334465e7,2.57134833973e6,1.40760485344e6,-0.0,3.368e6,-0.0,-0.0
1,187,1,-0.0,0.0,-0.0,2.0495838384e8,-0.0,-0.0,-0.0,7.0305e7,-0.0,-0.0,1.9892e7,-0.0,-0.0,4.631e6,1.1507015334465e7,2.57134833973e6,1.40760485344e6,-0.0,3.368e6,-0.0,-0.0
1,188,1,-0.0,0.0,-0.0,2.1266358624e8,-0.0,-0.0,-0.0,6.234799999999999e7,-0.0,-0.0,1.9892e7,-0.0,-0.0,4.631e6,1.1507015334465e7,2.57134833973e6,1.40760485344e6,-0.0,3.368e6,-0.0,-0.0
1,189,1,-0.0,0.0,-0.0,2.2306560948e8,-0.0,-0.0,-0.0,6.7798e7,-0.0,-0.0,1.9892e7,-0.0,-0.0,4.631e6,1.1507015334465e7,2.57134833973e6,1.40760485344e6,-0.0,3.368e6,-0.0,-0.0
1,190,1,-0.0,0.0,-0.0,2.3000029164e8,-0.0,-0.0,-0.0,6.54e7,-0.0,-0.0,1.9892e7,-0.0,-0.0,4.631e6,1.1507015334465e7,2.57134833973e6,1.40760485344e6,-0.0,3.368e6,-0.0,-0.0
1,191,1,-0.0,0.0,-0.0,2.2113930888e8,-0.0,-0.0,-0.0,5.3628e7,-0.0,-0.0,1.9892e7,-0.0,-0.0,4.631e6,1.1507015334465e7,2.57134833973e6,1.40760485344e6,-0.0,3.368e6,-0.0,-0.0
1,192,1,-0.0,0.0,-0.0,8.7413699352e7,-0.0,-0.0,-0.0,4.8069e7,-0.0,-0.0,1.9892e7,-0.0,-0.0,4.631e6,9.724069889196001e7,2.172932792629e7,1.1895046259680001e7,-0.0,3.368e6,-0.0,-0.0
1,193,1,-0.0,0.0,-0.0,2.0495838384e8,-0.0,-0.0,-0.0,4.578e7,-0.0,-0.0,1.9892e7,-0.0,-0.0,4.631e6,1.1507015334465e7,2.57134833973e6,1.40760485344e6,-0.0,3.368e6,-0.0,-0.0
1,194,1,-0.0,0.0,-0.0,1.9185953976e8,-0.0,-0.0,-0.0,4.3273e7,-0.0,-0.0,1.9892e7,-0.0,-0.0,4.631e6,1.1507015334465e7,2.57134833973e6,1.40760485344e6,-0.0,3.368e6,-0.0,-0.0
1,195,1,-0.0,0.0,-0.0,1.9108901952e8,-0.0,-0.0,-0.0,4.5453e7,-0.0,-0.0,1.9892e7,-0.0,-0.0,4.631e6,1.1507015334465e7,2.57134833973e6,1.40760485344e6,-0.0,3.368e6,-0.0,-0.0
1,196,1,-0.0,0.0,-0.0,8.2407628464e7,-0.0,-0.0,-0.0,4.7633e7,-0.0,-0.0,1.9892e7,-0.0,-0.0,4.631e6,9.724069889196001e7,2.172932792629e7,1.1895046259680001e7,-0.0,3.368e6,-0.0,-0.0
1,197,1,-0.0,0.0,-0.0,7.7594098764e7,-0.0,-0.0,-0.0,5.1339e7,-0.0,-0.0,1.9892e7,-0.0,-0.0,4.631e6,9.724069889196001e7,2.172932792629e7,1.1895046259680001e7,-0.0,3.368e6,-0.0,-0.0
1,198,1,-0.0,0.0,-0.0,8.625845222399999e7,-0.0,-0.0,-0.0,5.559e7,-0.0,-0.0,1.9892e7,-0.0,-0.0,4.631e6,9.724069889196001e7,2.172932792629e7,1.1895046259680001e7,-0.0,3.368e6,-0.0,-0.0
1,199,1,-0.0,0.0,-0.0,8.048221658399999e7,-0.0,-0.0,-0.0,5.4827e7,-0.0,-0.0,1.9892e7,-0.0,-0.0,4.631e6,9.724069889196001e7,2.172932792629e7,1.1895046259680001e7,-0.0,3.368e6,-0.0,-0.0
1,200,1,-0.0,0.0,-0.0,8.2215087276e7,-0.0,-0.0,-0.0,5.2538e7,-0.0,-0.0,1.9892e7,-0.0,-0.0,4.631e6,9.724069889196001e7,2.172932792629e7,1.1895046259680001e7,-0.0,3.368e6,-0.0,-0.0
